{
    "Accuracy": 0.6933333333333334,
    "F1": 0.6933333333333334,
    "Precision": 0.6933333333333334,
    "Recall": 0.6933333333333334
}